6.28	fur	1	cluster_1_fur	fur
3.94	snail	1	cluster_1_fur	fur
6.29	leather	1	cluster_1_fur	fur
3.652	fin (dorsal)	1	cluster_1_fur	fur
3.653	fishscale	1	cluster_1_fur	fur
6.22	wool	1	cluster_1_fur	fur
4.145	pubic hair	1	cluster_1_fur	fur
3.655	shell	1	cluster_1_fur	fur
4.144	body hair	1	cluster_1_fur	fur
8.75	bark	1	cluster_1_fur	fur
4.393	feather	1	cluster_1_fur	fur
4.146	dandruff	1	cluster_1_fur	fur
4.14	hair (head)	1	cluster_1_fur	fur
4.12	skin, hide	1	cluster_1_fur	fur
18.57	pen	1	cluster_1_fur	fur
4.392	wing	1	cluster_1_fur	fur
1.1	world	2	cluster_2_country	country
1.26	mainland	2	cluster_2_country	country
1.212	earth=ground, soil	2	cluster_2_country	country
19.11	country	2	cluster_2_country	country
19.15	city, town	2	cluster_2_country	country
19.12	one's native country	2	cluster_2_country	country
1.21	earth, land	2	cluster_2_country	country
7.26	floor	2	cluster_2_country	country
19.16	village	2	cluster_2_country	country
11.13	take	3	cluster_3_get, obtain	get, obtain
11.15	hold	3	cluster_3_get, obtain	get, obtain
11.16	get, obtain	3	cluster_3_get, obtain	get, obtain
11.79	earn	3	cluster_3_get, obtain	get, obtain
20.65	trap (vb)	3	cluster_3_get, obtain	get, obtain
21.44	rape	3	cluster_3_get, obtain	get, obtain
11.14	seize, grasp	3	cluster_3_get, obtain	get, obtain
10.252	catch (ball)	3	cluster_3_get, obtain	get, obtain
7.56	post, pole	4	cluster_4_tree	tree
19.25	staff, walking stick	4	cluster_4_tree	tree
7.221	doorpost, jamb	4	cluster_4_tree	tree
8.72	tree stump	4	cluster_4_tree	tree
10.87	mast	4	cluster_4_tree	tree
8.84	banana tree	4	cluster_4_tree	tree
1.88	firewood	4	cluster_4_tree	tree
8.6	tree	4	cluster_4_tree	tree
8.73	tree trunk	4	cluster_4_tree	tree
1.41	woods, forest	4	cluster_4_tree	tree
20.22	club	4	cluster_4_tree	tree
8.54	root	4	cluster_4_tree	tree
1.43	wood	4	cluster_4_tree	tree
2.23	male	5	cluster_5_male	male
2.31	husband	5	cluster_5_male	male
2.21	man (vs. woman)	5	cluster_5_male	male
2.38	married man	5	cluster_5_male	male
3.41	horse (equine)	5	cluster_5_male	male
3.42	stallion	5	cluster_5_male	male
3.12	male (adj)	5	cluster_5_male	male
2.26	girl	6	cluster_6_son	son
2.43	offspring (son or daughter)	6	cluster_6_son	son
2.57	descendants	6	cluster_6_son	son
2.41	son	6	cluster_6_son	son
2.25	boy	6	cluster_6_son	son
2.28	infant, baby	6	cluster_6_son	son
2.261	young woman (adolescent)	6	cluster_6_son	son
14.14	young	6	cluster_6_son	son
14.13	new	6	cluster_6_son	son
2.42	daughter	6	cluster_6_son	son
2.27	child	6	cluster_6_son	son
2.251	young man (adolescent)	6	cluster_6_son	son
5.28	pan	7	cluster_7_pan	pan
5.32	plate	7	cluster_7_pan	pan
5.31	dish	7	cluster_7_pan	pan
5.35	cup, drinking vessel	7	cluster_7_pan	pan
5.36	saucer	7	cluster_7_pan	pan
5.26	pot, cooking vessel	7	cluster_7_pan	pan
5.27	kettle	7	cluster_7_pan	pan
5.33	bowl	7	cluster_7_pan	pan
5.34	pitcher, jug	7	cluster_7_pan	pan
2.72	stepmother	8	cluster_8_mother-in-law (of a man)	mother-in-law (of a man)
2.62	mother-in-law (of a man)	8	cluster_8_mother-in-law (of a man)	mother-in-law (of a man)
2.61	father-in-law (of a man)	8	cluster_8_mother-in-law (of a man)	mother-in-law (of a man)
2.64	daughter-in-law (of a man)	8	cluster_8_mother-in-law (of a man)	mother-in-law (of a man)
2.63	son-in-law (of a man)	8	cluster_8_mother-in-law (of a man)	mother-in-law (of a man)
2.71	stepfather	8	cluster_8_mother-in-law (of a man)	mother-in-law (of a man)
2.621	mother-in-law (of a woman)	8	cluster_8_mother-in-law (of a man)	mother-in-law (of a man)
2.641	daughter-in-law (of a woman)	8	cluster_8_mother-in-law (of a man)	mother-in-law (of a man)
2.631	son-in-law (of a woman)	8	cluster_8_mother-in-law (of a man)	mother-in-law (of a man)
2.611	father-in-law (of a woman)	8	cluster_8_mother-in-law (of a man)	mother-in-law (of a man)
9.27	split	9	cluster_9_cut	cut
8.32	mow, reap	9	cluster_9_cut	cut
11.28	harm, injure, damage	9	cluster_9_cut	cut
9.261	broken	9	cluster_9_cut	cut
9.26	break	9	cluster_9_cut	cut
11.27	destroy	9	cluster_9_cut	cut
9.221	cut down	9	cluster_9_cut	cut
9.22	cut	9	cluster_9_cut	cut
9.81	carve	9	cluster_9_cut	cut
9.222	chop, hew	9	cluster_9_cut	cut
9.28	tear	9	cluster_9_cut	cut
17.441	betray	10	cluster_10_lend	lend
12.93	change	10	cluster_10_lend	lend
11.83	trade, barter	10	cluster_10_lend	lend
11.77	hire	10	cluster_10_lend	lend
18.32	answer	10	cluster_10_lend	lend
11.62	borrow	10	cluster_10_lend	lend
11.82	sell	10	cluster_10_lend	lend
20.46	surrender	10	cluster_10_lend	lend
11.21	give	10	cluster_10_lend	lend
11.81	buy	10	cluster_10_lend	lend
11.65	pay (vb)	10	cluster_10_lend	lend
11.84	merchant	10	cluster_10_lend	lend
11.61	lend	10	cluster_10_lend	lend
17.17	know	11	cluster_11_know	know
15.42	listen	11	cluster_11_know	know
17.16	understand	11	cluster_11_know	know
15.41	hear	11	cluster_11_know	know
15.71	touch	11	cluster_11_know	know
15.72	feel	11	cluster_11_know	know
19.46	obey	11	cluster_11_know	know
4.83	well, health	12	cluster_12_right, correct	right, correct
12.73	straight	12	cluster_12_right, correct	right, correct
16.71	good	12	cluster_12_right, correct	right, correct
16.66	true	12	cluster_12_right, correct	right, correct
19.36	noble, nobleman	12	cluster_12_right, correct	right, correct
21.36	innocent	12	cluster_12_right, correct	right, correct
16.73	right, correct	12	cluster_12_right, correct	right, correct
16.81	beautiful	12	cluster_12_right, correct	right, correct
17.37	sure, certain	12	cluster_12_right, correct	right, correct
16.65	faithful	12	cluster_12_right, correct	right, correct
6.46	skirt	13	cluster_13_cloth	cloth
6.12	clothing, clothes	13	cluster_13_cloth	cloth
6.82	towel	13	cluster_13_cloth	cloth
6.44	shirt	13	cluster_13_cloth	cloth
6.461	grass-skirt	13	cluster_13_cloth	cloth
6.81	handkerchief, rag	13	cluster_13_cloth	cloth
6.23	linen, flax	13	cluster_13_cloth	cloth
6.42	woman's dress	13	cluster_13_cloth	cloth
6.21	cloth	13	cluster_13_cloth	cloth
5.11	eat	14	cluster_14_food	food
5.12	food	14	cluster_14_food	food
14.45	noon, midday	14	cluster_14_food	food
5.41	meal (a)	14	cluster_14_food	food
5.43	lunch	14	cluster_14_food	food
5.42	breakfast	14	cluster_14_food	food
5.44	dinner	14	cluster_14_food	food
20.56	bait	14	cluster_14_food	food
5.45	supper	14	cluster_14_food	food
4.371	ankle	15	cluster_15_leg	leg
4.37	foot	15	cluster_15_leg	leg
4.351	thigh	15	cluster_15_leg	leg
4.463	hip	15	cluster_15_leg	leg
4.374	footprint	15	cluster_15_leg	leg
4.464	buttocks	15	cluster_15_leg	leg
4.35	leg	15	cluster_15_leg	leg
4.372	heel	15	cluster_15_leg	leg
12.34	bottom	15	cluster_15_leg	leg
4.352	calf of leg	15	cluster_15_leg	leg
14.41	day	16	cluster_16_day	day
14.78	season	16	cluster_16_day	day
1.52	sun	16	cluster_16_day	day
1.78	weather	16	cluster_16_day	day
14.51	hour	16	cluster_16_day	day
14.53	clock, timepiece	16	cluster_16_day	day
14.11	time	16	cluster_16_day	day
12.67	deep	17	cluster_17_tall	tall
12.44	far (adv)	17	cluster_17_tall	tall
12.58	tall	17	cluster_17_tall	tall
14.332	long-time (for a)	17	cluster_17_tall	tall
12.57	long	17	cluster_17_tall	tall
12.31	high	17	cluster_17_tall	tall
12.8	up, above	17	cluster_17_tall	tall
2.39	married woman	18	cluster_18_wife	wife
2.32	wife	18	cluster_18_wife	wife
2.24	female	18	cluster_18_wife	wife
2.22	woman	18	cluster_18_wife	wife
3.13	female (adj)	18	cluster_18_wife	wife
3.44	mare	18	cluster_18_wife	wife
8.42	grain (barley, oats etc)	19	cluster_19_fruit	fruit
8.82	coconut	19	cluster_19_fruit	fruit
5.65	vegetables	19	cluster_19_fruit	fruit
8.41	crop, harvest	19	cluster_19_fruit	fruit
5.77	nut	19	cluster_19_fruit	fruit
8.81	palm tree	19	cluster_19_fruit	fruit
8.48	rice	19	cluster_19_fruit	fruit
8.83	citrus fruit	19	cluster_19_fruit	fruit
5.71	fruit	19	cluster_19_fruit	fruit
14.77	autumn	19	cluster_19_fruit	fruit
8.311	seed	19	cluster_19_fruit	fruit
8.47	maize, corn	19	cluster_19_fruit	fruit
18.39	rebuke, scold	20	cluster_20_tell story	tell story
21.23	witness	20	cluster_20_tell story	tell story
18.44	threaten	20	cluster_20_tell story	tell story
18.21	speak, talk	20	cluster_20_tell story	tell story
18.22	say	20	cluster_20_tell story	tell story
15.55	show	20	cluster_20_tell story	tell story
18.43	announce	20	cluster_20_tell story	tell story
18.33	admit, confess	20	cluster_20_tell story	tell story
18.221	tell story	20	cluster_20_tell story	tell story
17.38	explain	20	cluster_20_tell story	tell story
18.222	speech (make a)	20	cluster_20_tell story	tell story
18.19	howl	21	cluster_21_call (=summon)	call (=summon)
18.18	shriek, screech	21	cluster_21_call (=summon)	call (=summon)
18.28	name	21	cluster_21_call (=summon)	call (=summon)
16.39	groan	21	cluster_21_call (=summon)	call (=summon)
16.37	cry, weep	21	cluster_21_call (=summon)	call (=summon)
4.612	snore	21	cluster_21_call (=summon)	call (=summon)
18.41	call (=summon)	21	cluster_21_call (=summon)	call (=summon)
18.42	call (=name)	21	cluster_21_call (=summon)	call (=summon)
18.13	shout, cry out	21	cluster_21_call (=summon)	call (=summon)
15.56	shine	22	cluster_22_white	white
15.87	clean	22	cluster_22_white	white
15.62	light (in color)	22	cluster_22_white	white
15.64	white	22	cluster_22_white	white
15.57	bright	22	cluster_22_white	white
1.61	light (noun)	22	cluster_22_white	white
17.34	clear, plain	22	cluster_22_white	white
10.614	carry-on-head	23	cluster_23_carry (bear)	carry (bear)
10.615	carry-underarm	23	cluster_23_carry (bear)	carry (bear)
10.613	carry-on-shoulder	23	cluster_23_carry (bear)	carry (bear)
10.61	carry (bear)	23	cluster_23_carry (bear)	carry (bear)
10.65	drive	23	cluster_23_carry (bear)	carry (bear)
10.612	carry-in-hand	23	cluster_23_carry (bear)	carry (bear)
10.64	lead (vb)	23	cluster_23_carry (bear)	carry (bear)
10.62	bring	23	cluster_23_carry (bear)	carry (bear)
18.24	language	24	cluster_24_sound, noise	sound, noise
15.44	sound, noise	24	cluster_24_sound, noise	sound, noise
4.26	tongue	24	cluster_24_sound, noise	sound, noise
18.26	word	24	cluster_24_sound, noise	sound, noise
18.11	voice	24	cluster_24_sound, noise	sound, noise
17.171	guess	25	cluster_25_remember	remember
17.31	remember	25	cluster_25_remember	remember
17.43	doubt	25	cluster_25_remember	remember
17.13	think (= reflect)	25	cluster_25_remember	remember
17.15	believe	25	cluster_25_remember	remember
17.44	suspect	25	cluster_25_remember	remember
17.14	think (= be of the opinion)	25	cluster_25_remember	remember
20.63	miss (target)	26	cluster_26_guilty	guilty
21.35	guilty	26	cluster_26_guilty	guilty
21.31	accuse	26	cluster_26_guilty	guilty
16.74	wrong	26	cluster_26_guilty	guilty
21.22	defendant	26	cluster_26_guilty	guilty
16.78	blame	26	cluster_26_guilty	guilty
16.76	fault	26	cluster_26_guilty	guilty
16.77	mistake, error	26	cluster_26_guilty	guilty
2.82	family	27	cluster_27_family	family
19.44	freeman	27	cluster_27_family	family
2.81	relatives, kinsmen	27	cluster_27_family	family
2.37	parents	27	cluster_27_family	family
19.51	friend, companion	27	cluster_27_family	family
2.1	person, human being	27	cluster_27_family	family
19.37	citizen, subject	27	cluster_27_family	family
19.23	tribe, clan	27	cluster_27_family	family
19.54	neighbor	27	cluster_27_family	family
19.21	people (populace)	27	cluster_27_family	family
8.12	field (for cultivation)	28	cluster_28_pasture	pasture
1.23	plain, field	28	cluster_28_pasture	pasture
1.24	valley	28	cluster_28_pasture	pasture
8.53	plant (noun)	28	cluster_28_pasture	pasture
8.51	grass	28	cluster_28_pasture	pasture
3.16	pasture	28	cluster_28_pasture	pasture
8.13	garden	28	cluster_28_pasture	pasture
8.52	hay	28	cluster_28_pasture	pasture
2.445	younger brother	29	cluster_29_younger brother	younger brother
2.456	sibling	29	cluster_29_younger brother	younger brother
2.44	brother	29	cluster_29_younger brother	younger brother
2.444	older brother	29	cluster_29_younger brother	younger brother
2.45	sister	29	cluster_29_younger brother	younger brother
2.455	younger sister	29	cluster_29_younger brother	younger brother
2.454	older sister	29	cluster_29_younger brother	younger brother
2.55	cousin	29	cluster_29_younger brother	younger brother
4.162	rib	30	cluster_30_edge	edge
12.353	edge	30	cluster_30_edge	edge
1.27	shore	30	cluster_30_edge	edge
12.36	side	30	cluster_30_edge	edge
12.43	near (adv)	30	cluster_30_edge	edge
19.17	boundary	30	cluster_30_edge	edge
12.2	beside	30	cluster_30_edge	edge
1.215	sand	30	cluster_30_edge	edge
3.35	pig	31	cluster_31_sow	sow
8.11	farmer	31	cluster_31_sow	sow
3.32	boar	31	cluster_31_sow	sow
3.73	bear	31	cluster_31_sow	sow
8.21	plow	31	cluster_31_sow	sow
8.531	plant (vb)	31	cluster_31_sow	sow
3.34	sow	31	cluster_31_sow	sow
8.15	cultivate, till	31	cluster_31_sow	sow
10.66	ride	32	cluster_32_rise	rise
10.21	rise	32	cluster_32_rise	rise
10.471	go up	32	cluster_32_rise	rise
4.63	wake up	32	cluster_32_rise	rise
10.472	climb	32	cluster_32_rise	rise
9.12	work	33	cluster_33_build	build
12.12	put	33	cluster_33_build	build
9.72	mold (clay etc)	33	cluster_33_build	build
9.44	build	33	cluster_33_build	build
9.11	do, make	33	cluster_33_build	build
6.11	put on (clothes)	33	cluster_33_build	build
4.412	nipple, teat	34	cluster_34_chest	chest
5.86	milk (noun)	34	cluster_34_chest	chest
4.4	chest	34	cluster_34_chest	chest
5.88	cheese	34	cluster_34_chest	chest
4.41	breast (of woman)	34	cluster_34_chest	chest
4.42	udder	34	cluster_34_chest	chest
14.26	end (temporal)	35	cluster_35_finish	finish
13.35	last	35	cluster_35_finish	finish
12.35	end	35	cluster_35_finish	finish
12.15	stand	35	cluster_35_finish	finish
14.28	cease, stop	35	cluster_35_finish	finish
14.27	finish	35	cluster_35_finish	finish
12.59	short	36	cluster_36_inside, in	inside, in
12.3	down, below	36	cluster_36_inside, in	inside, in
12.7	under	36	cluster_36_inside, in	inside, in
12.5	inside, in	36	cluster_36_inside, in	inside, in
12.68	shallow	36	cluster_36_inside, in	inside, in
12.32	low	36	cluster_36_inside, in	inside, in
3.55	chicken	37	cluster_37_fowl	fowl
3.5	fowl	37	cluster_37_fowl	fowl
3.581	bird	37	cluster_37_fowl	fowl
3.592	parrot	37	cluster_37_fowl	fowl
3.54	hen	37	cluster_37_fowl	fowl
3.583	heron	37	cluster_37_fowl	fowl
3.52	cock, rooster	37	cluster_37_fowl	fowl
8.55	branch	38	cluster_38_hand	hand
12.541	span, fathom	38	cluster_38_hand	hand
8.74	forked branch	38	cluster_38_hand	hand
6.58	glove	38	cluster_38_hand	hand
4.321	wrist	38	cluster_38_hand	hand
4.331	palm of hand	38	cluster_38_hand	hand
4.33	hand	38	cluster_38_hand	hand
4.31	arm	38	cluster_38_hand	hand
6.921	braid	39	cluster_39_braid	braid
6.35	sew	39	cluster_39_braid	braid
9.75	weave, plait	39	cluster_39_braid	braid
6.33	weave	39	cluster_39_braid	braid
17.48	try, attempt	40	cluster_40_try, attempt	try, attempt
11.92	weigh	40	cluster_40_try, attempt	try, attempt
12.54	measure	40	cluster_40_try, attempt	try, attempt
17.172	imitate	40	cluster_40_try, attempt	try, attempt
9.341	hang up	40	cluster_40_try, attempt	try, attempt
15.31	taste	40	cluster_40_try, attempt	try, attempt
13.107	count	40	cluster_40_try, attempt	try, attempt
4.241	beak	41	cluster_41_beak	beak
4.272	molartooth	41	cluster_41_beak	beak
1.343	headland, point	41	cluster_41_beak	beak
4.27	tooth	41	cluster_41_beak	beak
4.25	lip	41	cluster_41_beak	beak
4.24	mouth	41	cluster_41_beak	beak
4.231	nostril	41	cluster_41_beak	beak
4.23	nose	41	cluster_41_beak	beak
18.12	sing	42	cluster_42_study	study
17.28	school	42	cluster_42_study	study
17.242	study	42	cluster_42_study	study
17.24	learn	42	cluster_42_study	study
17.25	teach	42	cluster_42_study	study
18.52	read	42	cluster_42_study	study
16.11	soul, spirit	43	cluster_43_mind	mind
17.11	mind	43	cluster_43_mind	mind
4.44	heart	43	cluster_43_mind	mind
4.203	brain	43	cluster_43_mind	mind
1.63	shade, shadow	43	cluster_43_mind	mind
17.19	idea, notion	43	cluster_43_mind	mind
17.41	intention, purpose	43	cluster_43_mind	mind
3.24	calf	44	cluster_44_lamb	lamb
3.29	lamb	44	cluster_44_lamb	lamb
3.38	kid	44	cluster_44_lamb	lamb
3.45	foal, colt	44	cluster_44_lamb	lamb
3.28	ewe	44	cluster_44_lamb	lamb
3.26	ram	44	cluster_44_lamb	lamb
3.37	he-goat	44	cluster_44_lamb	lamb
3.36	goat	44	cluster_44_lamb	lamb
3.25	sheep	44	cluster_44_lamb	lamb
5.124	green, unripe	45	cluster_45_green, unripe	green, unripe
15.68	green	45	cluster_45_green, unripe	green, unripe
5.122	raw	45	cluster_45_green, unripe	green, unripe
15.67	blue	45	cluster_45_green, unripe	green, unripe
16.622	choose	46	cluster_46_choose	choose
12.22	join, unite	46	cluster_46_choose	choose
12.212	pick up	46	cluster_46_choose	choose
12.21	collect, gather	46	cluster_46_choose	choose
12.213	pile up	46	cluster_46_choose	choose
10.22	raise, lift	46	cluster_46_choose	choose
15.52	look, look at	47	cluster_47_look, look at	look, look at
11.32	find	47	cluster_47_look, look at	look, look at
15.51	see	47	cluster_47_look, look at	look, look at
19.65	meet	47	cluster_47_look, look at	look, look at
15.212	sniff	48	cluster_48_smell (vb intrans)	smell (vb intrans)
15.22	smell (vb trans)	48	cluster_48_smell (vb intrans)	smell (vb intrans)
4.857	pus	48	cluster_48_smell (vb intrans)	smell (vb intrans)
15.21	smell (vb intrans)	48	cluster_48_smell (vb intrans)	smell (vb intrans)
15.26	stinking, bad smelling	48	cluster_48_smell (vb intrans)	smell (vb intrans)
5.125	rotten	48	cluster_48_smell (vb intrans)	smell (vb intrans)
15.25	fragrant, good smelling	48	cluster_48_smell (vb intrans)	smell (vb intrans)
4.86	cure, heal	49	cluster_49_preserve, look after	preserve, look after
11.17	keep, retain	49	cluster_49_preserve, look after	preserve, look after
20.44	defend	49	cluster_49_preserve, look after	preserve, look after
11.24	preserve, look after	49	cluster_49_preserve, look after	preserve, look after
19.58	help, aid	49	cluster_49_preserve, look after	preserve, look after
20.471	guard, sentinel	49	cluster_49_preserve, look after	preserve, look after
11.25	save, rescue	49	cluster_49_preserve, look after	preserve, look after
21.15	court	50	cluster_50_house	house
12.6	outside	50	cluster_50_house	house
7.131	garden-house	50	cluster_50_house	house
7.21	room	50	cluster_50_house	house
7.15	yard, court	50	cluster_50_house	house
7.13	hut	50	cluster_50_house	house
7.12	house	50	cluster_50_house	house
7.14	tent	50	cluster_50_house	house
3.22	ox	51	cluster_51_cattle (bovine)	cattle (bovine)
3.11	animal	51	cluster_51_cattle (bovine)	cattle (bovine)
3.15	livestock	51	cluster_51_cattle (bovine)	cattle (bovine)
3.2	cattle (bovine)	51	cluster_51_cattle (bovine)	cattle (bovine)
3.21	bull	51	cluster_51_cattle (bovine)	cattle (bovine)
3.23	cow	51	cluster_51_cattle (bovine)	cattle (bovine)
9.48	saw	52	cluster_52_iron	iron
20.26	spear	52	cluster_52_iron	iron
8.33	sickle, scythe	52	cluster_52_iron	iron
8.94	bamboo	52	cluster_52_iron	iron
9.69	tin, tinplate	52	cluster_52_iron	iron
6.93	razor	52	cluster_52_iron	iron
9.84	chisel	52	cluster_52_iron	iron
9.67	iron	52	cluster_52_iron	iron
9.68	lead (noun)	52	cluster_52_iron	iron
9.64	gold	52	cluster_52_iron	iron
9.24	scissors, shears	52	cluster_52_iron	iron
9.49	hammer	52	cluster_52_iron	iron
9.66	copper, bronze	52	cluster_52_iron	iron
5.38	knife	52	cluster_52_iron	iron
9.422	tool	52	cluster_52_iron	iron
20.27	sword	52	cluster_52_iron	iron
12.82	circle	53	cluster_53_circle	circle
12.81	round	53	cluster_53_circle	circle
6.74	bracelet	53	cluster_53_circle	circle
6.73	ring (for finger)	53	cluster_53_circle	circle
12.83	sphere, ball	53	cluster_53_circle	circle
10.76	wheel	53	cluster_53_circle	circle
14.18	now	54	cluster_54_immediately	immediately
14.19	immediately	54	cluster_54_immediately	immediately
14.47	today	54	cluster_54_immediately	immediately
14.23	hasten, hurry	54	cluster_54_immediately	immediately
14.331	soon	54	cluster_54_immediately	immediately
14.21	swift, fast, quick	54	cluster_54_immediately	immediately
12.84	line	55	cluster_55_thread	thread
6.38	thread	55	cluster_55_thread	thread
8.67	vine	55	cluster_55_thread	thread
9.19	rope, cord	55	cluster_55_thread	thread
6.24	cotton	55	cluster_55_thread	thread
5.76	grape	55	cluster_55_thread	thread
20.53	fishing line	55	cluster_55_thread	thread
4.151	vein, artery	55	cluster_55_thread	thread
10.45	walk	56	cluster_56_go	go
10.474	go out	56	cluster_56_go	go
10.49	go away, depart	56	cluster_56_go	go
10.47	go	56	cluster_56_go	go
10.83	boat	57	cluster_57_boat	boat
7.48	trough	57	cluster_57_boat	boat
10.84	raft	57	cluster_57_boat	boat
10.81	ship	57	cluster_57_boat	boat
10.832	outrigger	57	cluster_57_boat	boat
10.75	carriage, wagon, cart	57	cluster_57_boat	boat
10.831	canoe	57	cluster_57_boat	boat
10.67	push, shove	58	cluster_58_squeeze, wring	squeeze, wring
5.47	sieve, strain	58	cluster_58_squeeze, wring	squeeze, wring
15.712	pinch	58	cluster_58_squeeze, wring	squeeze, wring
5.87	milk (vb)	58	cluster_58_squeeze, wring	squeeze, wring
9.342	press	58	cluster_58_squeeze, wring	squeeze, wring
9.343	squeeze, wring	58	cluster_58_squeeze, wring	squeeze, wring
5.56	crush, grind	58	cluster_58_squeeze, wring	squeeze, wring
5.84	honey	59	cluster_59_beehive	beehive
5.91	mead	59	cluster_59_beehive	beehive
3.822	beehive	59	cluster_59_beehive	beehive
3.58	nest	59	cluster_59_beehive	beehive
7.42	bed	59	cluster_59_beehive	beehive
3.82	bee	59	cluster_59_beehive	beehive
9.76	basket	59	cluster_59_beehive	beehive
3.823	wasp	59	cluster_59_beehive	beehive
15.36	salty	60	cluster_60_bitter	bitter
5.81	salt	60	cluster_60_bitter	bitter
15.39	brackish	60	cluster_60_bitter	bitter
15.38	acid, sour	60	cluster_60_bitter	bitter
15.35	sweet	60	cluster_60_bitter	bitter
15.37	bitter	60	cluster_60_bitter	bitter
7.11	dwell, live	61	cluster_61_dwell, live	dwell, live
10.413	crouch	61	cluster_61_dwell, live	dwell, live
12.13	sit	61	cluster_61_dwell, live	dwell, live
12.16	remain, stay	61	cluster_61_dwell, live	dwell, live
4.74	live, living, life	61	cluster_61_dwell, live	dwell, live
2.461	old man	62	cluster_62_old	old
2.471	old woman	62	cluster_62_old	old
2.56	ancestors	62	cluster_62_old	old
14.15	old	62	cluster_62_old	old
2.47	grandmother	62	cluster_62_old	old
2.46	grandfather	62	cluster_62_old	old
17.35	obscure	63	cluster_63_dark (in color)	dark (in color)
1.62	darkness	63	cluster_63_dark (in color)	dark (in color)
15.65	black	63	cluster_63_dark (in color)	dark (in color)
14.42	night	63	cluster_63_dark (in color)	dark (in color)
15.63	dark (in color)	63	cluster_63_dark (in color)	dark (in color)
6.94	ointment	64	cluster_64_ointment	ointment
5.791	grease, fat	64	cluster_64_ointment	ointment
5.89	butter	64	cluster_64_ointment	ointment
5.79	oil	64	cluster_64_ointment	ointment
5.9	beverage, drink	65	cluster_65_river, stream, brook	river, stream, brook
9.56	glue	65	cluster_65_river, stream, brook	river, stream, brook
1.31	water	65	cluster_65_river, stream, brook	river, stream, brook
1.37	spring, well	65	cluster_65_river, stream, brook	river, stream, brook
8.76	sap	65	cluster_65_river, stream, brook	river, stream, brook
5.64	soup, broth	65	cluster_65_river, stream, brook	river, stream, brook
1.75	rain (noun)	65	cluster_65_river, stream, brook	river, stream, brook
1.39	waterfall	65	cluster_65_river, stream, brook	river, stream, brook
1.36	river, stream, brook	65	cluster_65_river, stream, brook	river, stream, brook
1.74	fog	66	cluster_66_smoke (noun)	smoke (noun)
8.69	smoke (tobacco)	66	cluster_66_smoke (noun)	smoke (noun)
1.83	smoke (noun)	66	cluster_66_smoke (noun)	smoke (noun)
1.84	ashes	66	cluster_66_smoke (noun)	smoke (noun)
1.73	cloud	66	cluster_66_smoke (noun)	smoke (noun)
1.51	sky	66	cluster_66_smoke (noun)	smoke (noun)
1.213	dust	66	cluster_66_smoke (noun)	smoke (noun)
5.13	drink	66	cluster_66_smoke (noun)	smoke (noun)
3.65	fish	67	cluster_67_body	body
4.11	body	67	cluster_67_body	body
5.61	meat	67	cluster_67_body	body
4.13	flesh	67	cluster_67_body	body
1.82	flame (noun)	68	cluster_68_candle	candle
7.46	candle	68	cluster_68_candle	candle
1.81	fire	68	cluster_68_candle	candle
4.222	earwax	68	cluster_68_candle	candle
3.821	beeswax	68	cluster_68_candle	candle
1.87	match (noun)	68	cluster_68_candle	candle
7.45	lamp, torch	68	cluster_68_candle	candle
19.24	chief, chieftain	69	cluster_69_king, ruler	king, ruler
19.32	king, ruler	69	cluster_69_king, ruler	king, ruler
19.33	queen	69	cluster_69_king, ruler	king, ruler
21.18	judge (noun)	69	cluster_69_king, ruler	king, ruler
11.51	rich	69	cluster_69_king, ruler	king, ruler
19.41	master	69	cluster_69_king, ruler	king, ruler
19.57	host	69	cluster_69_king, ruler	king, ruler
11.88	dear (costly, expensive)	70	cluster_70_strong, mighty, powerful	strong, mighty, powerful
15.74	hard	70	cluster_70_strong, mighty, powerful	strong, mighty, powerful
17.47	difficult	70	cluster_70_strong, mighty, powerful	strong, mighty, powerful
4.81	strong, mighty, powerful	70	cluster_70_strong, mighty, powerful	strong, mighty, powerful
15.81	heavy	70	cluster_70_strong, mighty, powerful	strong, mighty, powerful
15.45	loud	70	cluster_70_strong, mighty, powerful	strong, mighty, powerful
8.27	rake	71	cluster_71_fork	fork
5.37	spoon	71	cluster_71_fork	fork
12.75	hook	71	cluster_71_fork	fork
5.391	tongs	71	cluster_71_fork	fork
20.52	fishhook	71	cluster_71_fork	fork
8.26	fork	71	cluster_71_fork	fork
10.89	anchor	71	cluster_71_fork	fork
18.51	write	72	cluster_72_paint (noun)	paint (noun)
9.89	paint (vb)	72	cluster_72_paint (noun)	paint (noun)
15.61	color	72	cluster_72_paint (noun)	paint (noun)
6.39	dye	72	cluster_72_paint (noun)	paint (noun)
9.88	paint (noun)	72	cluster_72_paint (noun)	paint (noun)
11.43	money	73	cluster_73_money	money
11.44	coin	73	cluster_73_money	money
9.65	silver	73	cluster_73_money	money
9.14	bend	74	cluster_74_bend	bend
6.31	spin	74	cluster_74_bend	bend
12.74	crooked	74	cluster_74_bend	bend
9.15	fold	74	cluster_74_bend	bend
10.17	twist	74	cluster_74_bend	bend
10.14	wind, wrap	74	cluster_74_bend	bend
2.53	nephew	75	cluster_75_nephew	nephew
2.48	grandson	75	cluster_75_nephew	nephew
2.54	niece	75	cluster_75_nephew	nephew
2.49	granddaughter	75	cluster_75_nephew	nephew
14.43	dawn	76	cluster_76_tomorrow	tomorrow
14.48	tomorrow	76	cluster_76_tomorrow	tomorrow
14.16	early	76	cluster_76_tomorrow	tomorrow
14.49	yesterday	76	cluster_76_tomorrow	tomorrow
14.44	morning	76	cluster_76_tomorrow	tomorrow
3.817	ant	77	cluster_77_enough	enough
13.16	more	77	cluster_77_enough	enough
14.29	ready	77	cluster_77_enough	enough
14.32	often	77	cluster_77_enough	enough
13.18	enough	77	cluster_77_enough	enough
13.15	much, many	77	cluster_77_enough	enough
14.33	sometimes	77	cluster_77_enough	enough
13.19	multitude, crowd	77	cluster_77_enough	enough
16.34	regret, be sorry	78	cluster_78_anxiety, worry	anxiety, worry
16.45	shame (noun)	78	cluster_78_anxiety, worry	anxiety, worry
16.53	fear, fright	78	cluster_78_anxiety, worry	anxiety, worry
16.35	pity	78	cluster_78_anxiety, worry	anxiety, worry
16.15	surprised, astonished	78	cluster_78_anxiety, worry	anxiety, worry
16.54	danger	78	cluster_78_anxiety, worry	anxiety, worry
16.33	anxiety, worry	78	cluster_78_anxiety, worry	anxiety, worry
16.32	grief, sorrow, sadness	78	cluster_78_anxiety, worry	anxiety, worry
14.46	evening	79	cluster_79_late	late
14.24	retard, delay	79	cluster_79_late	late
14.451	afternoon	79	cluster_79_late	late
14.17	late	79	cluster_79_late	late
14.22	slow	79	cluster_79_late	late
10.46	run	80	cluster_80_run	run
10.51	flee	80	cluster_80_run	run
20.45	retreat	80	cluster_80_run	run
10.32	flow	80	cluster_80_run	run
6.41	cloak	81	cluster_81_blanket	blanket
6.411	poncho	81	cluster_81_blanket	blanket
9.771	rug	81	cluster_81_blanket	blanket
9.77	mat	81	cluster_81_blanket	blanket
6.59	veil	81	cluster_81_blanket	blanket
6.43	coat	81	cluster_81_blanket	blanket
7.422	blanket	81	cluster_81_blanket	blanket
6.27	felt	81	cluster_81_blanket	blanket
10.36	sail (vb)	82	cluster_82_swim	swim
10.35	swim	82	cluster_82_swim	swim
10.34	float	82	cluster_82_swim	swim
4.69	bathe	82	cluster_82_swim	swim
9.36	wash	82	cluster_82_swim	swim
21.34	acquit	83	cluster_83_forgive	forgive
9.161	untie	83	cluster_83_forgive	forgive
11.34	release, let go	83	cluster_83_forgive	forgive
19.47	let, permit	83	cluster_83_forgive	forgive
12.24	open	83	cluster_83_forgive	forgive
16.69	forgive	83	cluster_83_forgive	forgive
8.212	furrow	84	cluster_84_hole	hole
8.17	ditch	84	cluster_84_hole	hole
12.85	hole	84	cluster_84_hole	hole
4.79	grave, tomb	84	cluster_84_hole	hole
1.28	cave	84	cluster_84_hole	hole
20.43	attack	85	cluster_85_strike (hit, beat)	strike (hit, beat)
10.431	kick	85	cluster_85_strike (hit, beat)	strike (hit, beat)
9.21	strike (hit, beat)	85	cluster_85_strike (hit, beat)	strike (hit, beat)
8.34	thresh	85	cluster_85_strike (hit, beat)	strike (hit, beat)
9.211	pound with fist	85	cluster_85_strike (hit, beat)	strike (hit, beat)
18.34	deny	86	cluster_86_deny	deny
18.38	forbid	86	cluster_86_deny	deny
19.59	hinder, prevent	86	cluster_86_deny	deny
18.37	refuse	86	cluster_86_deny	deny
2.94	we	87	cluster_87_we	we
2.941	we (inclusive)	87	cluster_87_we	we
2.91	I	87	cluster_87_we	we
2.942	we (exclusive)	87	cluster_87_we	we
16.42	anger	88	cluster_88_anger	anger
16.41	hate	88	cluster_88_anger	anger
20.11	fight (vb)	88	cluster_88_anger	anger
16.44	envy, jealousy	88	cluster_88_anger	anger
19.62	strife, quarrel	88	cluster_88_anger	anger
20.13	war, battle	88	cluster_88_anger	anger
2.512	father's brother	89	cluster_89_father's brother	father's brother
2.35	father	89	cluster_89_father's brother	father's brother
2.51	uncle	89	cluster_89_father's brother	father's brother
2.511	mother's brother	89	cluster_89_father's brother	father's brother
13.23	part, piece	90	cluster_90_half	half
6.57	belt, girdle	90	cluster_90_half	half
12.37	middle, center	90	cluster_90_half	half
4.462	waist	90	cluster_90_half	half
13.24	half	90	cluster_90_half	half
4.43	navel	90	cluster_90_half	half
4.281	nape of neck	91	cluster_91_neck	neck
4.28	neck	91	cluster_91_neck	neck
4.29	throat	91	cluster_91_neck	neck
6.45	collar	91	cluster_91_neck	neck
3.596	owl	92	cluster_92_stir, mix	stir, mix
5.54	knead	92	cluster_92_stir, mix	stir, mix
10.852	row (vb)	92	cluster_92_stir, mix	stir, mix
4.68	shiver	92	cluster_92_stir, mix	stir, mix
5.49	stir, mix	92	cluster_92_stir, mix	stir, mix
10.26	shake	92	cluster_92_stir, mix	stir, mix
10.11	move	92	cluster_92_stir, mix	stir, mix
1.45	earthquake	92	cluster_92_stir, mix	stir, mix
17.67	which?	93	cluster_93_how?	how?
17.61	how?	93	cluster_93_how?	how?
17.66	where?	93	cluster_93_how?	how?
17.64	what?	93	cluster_93_how?	how?
17.69	why?	93	cluster_93_how?	how?
17.68	who?	93	cluster_93_how?	how?
4.2	head	94	cluster_94_roof	roof
12.33	top	94	cluster_94_roof	roof
7.51	roof	94	cluster_94_roof	roof
7.52	thatch	94	cluster_94_roof	roof
4.202	skull	94	cluster_94_roof	roof
5.25	oven	95	cluster_95_oven	oven
7.32	stove	95	cluster_95_oven	oven
7.31	fireplace	95	cluster_95_oven	oven
7.17	cookhouse	95	cluster_95_oven	oven
11.91	share (distribute)	96	cluster_96_share (distribute)	share (distribute)
12.23	separate	96	cluster_96_share (distribute)	share (distribute)
12.232	divide	96	cluster_96_share (distribute)	share (distribute)
14.66	Thursday	97	cluster_97_Friday	Friday
14.67	Friday	97	cluster_97_Friday	Friday
14.61	week	97	cluster_97_Friday	Friday
14.63	Monday	97	cluster_97_Friday	Friday
14.65	Wednesday	97	cluster_97_Friday	Friday
14.64	Tuesday	97	cluster_97_Friday	Friday
14.68	Saturday	97	cluster_97_Friday	Friday
14.62	Sunday	97	cluster_97_Friday	Friday
4.92	lazy	98	cluster_98_soft	soft
15.77	smooth	98	cluster_98_soft	soft
4.82	weak	98	cluster_98_soft	soft
12.71	flat	98	cluster_98_soft	soft
4.91	tired, weary	98	cluster_98_soft	soft
15.75	soft	98	cluster_98_soft	soft
11.18	thing	99	cluster_99_some	some
12.56	small, little	99	cluster_99_some	some
13.181	some	99	cluster_99_some	some
13.17	little (quantity), few	99	cluster_99_some	some
4.84	sick, sickness	100	cluster_100_wound, sore	wound, sore
4.852	bruise	100	cluster_100_wound, sore	wound, sore
4.85	wound, sore	100	cluster_100_wound, sore	wound, sore
16.31	pain	100	cluster_100_wound, sore	wound, sore
4.858	scar	100	cluster_100_wound, sore	wound, sore
10.12	turn over	101	cluster_101_turn over	turn over
11.22	give back	101	cluster_101_turn over	turn over
10.15	roll	101	cluster_101_turn over	turn over
10.13	turn around	101	cluster_101_turn over	turn over
10.481	come back	101	cluster_101_turn over	turn over
1.322	calm (of sea)	102	cluster_102_calm (of sea)	calm (of sea)
18.23	silent (be)	102	cluster_102_calm (of sea)	calm (of sea)
20.14	peace	102	cluster_102_calm (of sea)	calm (of sea)
15.46	quiet, silence	102	cluster_102_calm (of sea)	calm (of sea)
6.61	pocket	103	cluster_103_fishnet	fishnet
20.54	fishnet	103	cluster_103_fishnet	fishnet
9.78	netbag	103	cluster_103_fishnet	fishnet
20.64	trap (noun)	103	cluster_103_fishnet	fishnet
20.55	fish trap	103	cluster_103_fishnet	fishnet
20.49	ambush	103	cluster_103_fishnet	fishnet
1.851	burn (vb trans)	104	cluster_104_burn (vb trans)	burn (vb trans)
21.46	arson	104	cluster_104_burn (vb trans)	burn (vb trans)
1.86	light, kindle, ignite	104	cluster_104_burn (vb trans)	burn (vb trans)
1.852	burn (vb intrans)	104	cluster_104_burn (vb trans)	burn (vb trans)
5.23	roast, fry	105	cluster_105_roast, fry	roast, fry
5.24	bake	105	cluster_105_roast, fry	roast, fry
5.22	boil (vb)	105	cluster_105_roast, fry	roast, fry
5.21	cook	105	cluster_105_roast, fry	roast, fry
13.36	second	106	cluster_106_second	second
2.458	twins	106	cluster_106_second	second
13.37	pair	106	cluster_106_second	second
13.2	two	106	cluster_106_second	second
13.38	two times	106	cluster_106_second	second
2.36	mother	107	cluster_107_aunt	aunt
2.521	mother's sister	107	cluster_107_aunt	aunt
2.52	aunt	107	cluster_107_aunt	aunt
2.522	father's sister	107	cluster_107_aunt	aunt
4.344	fingernail	108	cluster_108_fingernail	fingernail
4.345	claw	108	cluster_108_fingernail	fingernail
14.25	begin, beginning	109	cluster_109_first	first
12.4	before	109	cluster_109_first	first
12.41	right (side)	109	cluster_109_first	first
13.34	first	109	cluster_109_first	first
1.861	extinguish	110	cluster_110_extinguish	extinguish
21.42	murder	110	cluster_110_extinguish	extinguish
4.76	kill	110	cluster_110_extinguish	extinguish
1.71	air	111	cluster_111_air	air
1.72	wind	111	cluster_111_air	air
1.58	storm	111	cluster_111_air	air
8.24	shovel	112	cluster_112_shovel	shovel
8.23	spade	112	cluster_112_shovel	shovel
8.25	hoe	112	cluster_112_shovel	shovel
15.88	dirty, soiled	113	cluster_113_dirty, soiled	dirty, soiled
16.82	ugly	113	cluster_113_dirty, soiled	dirty, soiled
16.72	bad	113	cluster_113_dirty, soiled	dirty, soiled
4.207	jaw	114	cluster_114_jaw	jaw
4.209	chin	114	cluster_114_jaw	jaw
4.142	beard	114	cluster_114_jaw	jaw
7.54	rafter	115	cluster_115_ridgepole	ridgepole
12.78	square	115	cluster_115_ridgepole	ridgepole
7.53	ridgepole	115	cluster_115_ridgepole	ridgepole
7.55	beam	115	cluster_115_ridgepole	ridgepole
11.12	own, possess	116	cluster_116_own, possess	own, possess
11.11	have	116	cluster_116_own, possess	own, possess
10.63	send	117	cluster_117_send	send
19.45	command, order	117	cluster_117_send	send
19.31	rule, govern	117	cluster_117_send	send
18.61	book	118	cluster_118_leaf	leaf
8.68	tobacco	118	cluster_118_leaf	leaf
8.56	leaf	118	cluster_118_leaf	leaf
18.56	paper	118	cluster_118_leaf	leaf
13.8	eight	119	cluster_119_four	four
13.3	three	119	cluster_119_four	four
13.10	ten	119	cluster_119_four	four
13.44	three times	119	cluster_119_four	four
13.4	four	119	cluster_119_four	four
13.6	six	119	cluster_119_four	four
13.5	five	119	cluster_119_four	four
13.42	third	119	cluster_119_four	four
13.9	nine	119	cluster_119_four	four
13.7	seven	119	cluster_119_four	four
10.71	road	120	cluster_120_road	road
10.72	path	120	cluster_120_road	road
21.16	judge (vb)	121	cluster_121_judge (vb)	judge (vb)
21.33	convict (vb)	121	cluster_121_judge (vb)	judge (vb)
21.17	judgment	121	cluster_121_judge (vb)	judge (vb)
21.32	condemn	121	cluster_121_judge (vb)	judge (vb)
14.73	year	122	cluster_122_age	age
14.12	age	122	cluster_122_age	age
14.75	spring	122	cluster_122_age	age
14.76	summer	122	cluster_122_age	age
17.45	need, necessity	123	cluster_123_need, necessity	need, necessity
16.63	hope	123	cluster_123_need, necessity	need, necessity
16.62	desire, want	123	cluster_123_need, necessity	need, necessity
16.27	love	123	cluster_123_need, necessity	need, necessity
7.23	lock (noun)	124	cluster_124_lock (noun)	lock (noun)
7.24	key	124	cluster_124_lock (noun)	lock (noun)
7.231	latch, door-bolt	124	cluster_124_lock (noun)	lock (noun)
9.461	hollow out	125	cluster_125_hollow out	hollow out
9.46	bore	125	cluster_125_hollow out	hollow out
9.223	stab	125	cluster_125_hollow out	hollow out
8.22	dig	125	cluster_125_hollow out	hollow out
10.351	dive	126	cluster_126_choke	choke
4.751	drowned	126	cluster_126_choke	choke
5.19	choke	126	cluster_126_choke	choke
10.33	sink	126	cluster_126_choke	choke
1.32	sea	127	cluster_127_sea	sea
1.329	ocean	127	cluster_127_sea	sea
17.22	foolish, stupid	128	cluster_128_mute	mute
17.23	insane, crazy	128	cluster_128_mute	mute
4.96	mute	128	cluster_128_mute	mute
4.95	deaf	128	cluster_128_mute	mute
1.341	lagoon	129	cluster_129_gulf, bay	gulf, bay
1.34	gulf, bay	129	cluster_129_gulf, bay	gulf, bay
1.362	whirlpool	129	cluster_129_gulf, bay	gulf, bay
1.33	lake	129	cluster_129_gulf, bay	gulf, bay
4.208	cheek	130	cluster_130_face	face
4.21	eye	130	cluster_130_face	face
4.205	forehead	130	cluster_130_face	face
4.201	side of head, temple	130	cluster_130_face	face
4.204	face	130	cluster_130_face	face
3.76	monkey	130	cluster_130_face	face
8.61	oak	131	cluster_131_oak	oak
8.63	birch	131	cluster_131_oak	oak
8.62	beech	131	cluster_131_oak	oak
8.64	pine	131	cluster_131_oak	oak
8.66	acorn	131	cluster_131_oak	oak
8.65	fir	131	cluster_131_oak	oak
15.851	warm	132	cluster_132_warm	warm
15.85	hot	132	cluster_132_warm	warm
4.55	perspire	132	cluster_132_warm	warm
4.841	fever	132	cluster_132_warm	warm
6.32	spindle	133	cluster_133_arrow	arrow
10.77	axle	133	cluster_133_arrow	arrow
7.58	arch	133	cluster_133_arrow	arrow
20.24	bow	133	cluster_133_arrow	arrow
20.25	arrow	133	cluster_133_arrow	arrow
1.59	rainbow	133	cluster_133_arrow	arrow
10.851	paddle (noun)	134	cluster_134_paddle (noun)	paddle (noun)
10.85	oar	134	cluster_134_paddle (noun)	paddle (noun)
12.1	after	135	cluster_135_after	after
12.11	place	135	cluster_135_after	after
1.56	thunder	136	cluster_136_thunder	thunder
1.55	lightning	136	cluster_136_thunder	thunder
1.57	lightning (as striking)	136	cluster_136_thunder	thunder
3.585	hawk	137	cluster_137_hawk	hawk
3.586	vulture	137	cluster_137_hawk	hawk
3.584	eagle	137	cluster_137_hawk	hawk
3.593	crow	137	cluster_137_hawk	hawk
20.62	shoot	138	cluster_138_shoot	shoot
20.61	hunt	138	cluster_138_shoot	shoot
11.31	seek, look for	138	cluster_138_shoot	shoot
2.341	divorce	138	cluster_138_shoot	shoot
10.25	throw	138	cluster_138_shoot	shoot
3.19	stable, stall	139	cluster_139_fortress	fortress
20.36	tower	139	cluster_139_fortress	fortress
20.35	fortress	139	cluster_139_fortress	fortress
8.16	fence	139	cluster_139_fortress	fortress
7.27	wall	139	cluster_139_fortress	fortress
15.78	sharp	140	cluster_140_pointed	pointed
15.76	rough	140	cluster_140_pointed	pointed
12.352	pointed	140	cluster_140_pointed	pointed
10.92	land (vb)	141	cluster_141_fall	fall
10.23	fall	141	cluster_141_fall	fall
10.473	go down	141	cluster_141_fall	fall
10.42	slide, slip	141	cluster_141_fall	fall
10.16	drop (vb)	141	cluster_141_fall	fall
20.48	booty, spoils	142	cluster_142_grow	grow
4.71	beget (of father)	142	cluster_142_grow	grow
4.73	pregnant	142	cluster_142_grow	grow
4.732	conceive	142	cluster_142_grow	grow
12.53	grow	142	cluster_142_grow	grow
4.72	born (to be)	142	cluster_142_grow	grow
6.63	pin	143	cluster_143_needle	needle
6.37	awl	143	cluster_143_needle	needle
6.36	needle	143	cluster_143_needle	needle
9.5	nail	143	cluster_143_needle	needle
7.33	chimney	144	cluster_144_horn, trumpet	horn, trumpet
18.71	flute	144	cluster_144_horn, trumpet	horn, trumpet
4.17	horn	144	cluster_144_horn, trumpet	horn, trumpet
8.691	pipe	144	cluster_144_horn, trumpet	horn, trumpet
18.73	horn, trumpet	144	cluster_144_horn, trumpet	horn, trumpet
21.21	plaintiff	145	cluster_145_because	because
17.65	when?	145	cluster_145_because	because
17.52	because	145	cluster_145_because	because
17.42	cause	145	cluster_145_because	because
17.53	if	145	cluster_145_because	because
5.121	cooked	146	cluster_146_cooked	cooked
5.123	ripe	146	cluster_146_cooked	cooked
5.93	beer	147	cluster_147_wine	wine
5.92	wine	147	cluster_147_wine	wine
5.94	fermented drink	147	cluster_147_wine	wine
5.7	potato	148	cluster_148_potato	potato
8.91	sweet potato	148	cluster_148_potato	potato
8.912	yam	148	cluster_148_potato	potato
12.26	cover	149	cluster_149_cover	cover
12.25	shut, close	149	cluster_149_cover	cover
1.38	swamp	150	cluster_150_swamp	swamp
9.73	clay	150	cluster_150_swamp	swamp
1.214	mud	150	cluster_150_swamp	swamp
1.323	rough (of sea)	151	cluster_151_tide	tide
1.352	tide	151	cluster_151_tide	tide
1.35	wave	151	cluster_151_tide	tide
1.354	hightide	151	cluster_151_tide	tide
1.353	lowtide	151	cluster_151_tide	tide
17.62	how many?	152	cluster_152_how many?	how many?
17.63	how much?	152	cluster_152_how many?	how many?
5.46	peel	153	cluster_153_peel	peel
9.29	flay, skin	153	cluster_153_peel	peel
9.18	chain	154	cluster_154_chain	chain
6.75	necklace	154	cluster_154_chain	chain
20.23	sling	154	cluster_154_chain	chain
6.76	bead	154	cluster_154_chain	chain
19.42	slave	155	cluster_155_captive, prisoner	captive, prisoner
20.47	captive, prisoner	155	cluster_155_captive, prisoner	captive, prisoner
19.43	servant	155	cluster_155_captive, prisoner	captive, prisoner
21.39	prison, jail	155	cluster_155_captive, prisoner	captive, prisoner
4.232	mucus (nasal)	156	cluster_156_cold (catarrh)	cold (catarrh)
4.53	cough	156	cluster_156_cold (catarrh)	cold (catarrh)
4.54	sneeze	156	cluster_156_cold (catarrh)	cold (catarrh)
14.74	winter	156	cluster_156_cold (catarrh)	cold (catarrh)
15.86	cold	156	cluster_156_cold (catarrh)	cold (catarrh)
4.843	cold (catarrh)	156	cluster_156_cold (catarrh)	cold (catarrh)
4.191	spine	157	cluster_157_shoulder	shoulder
4.19	back	157	cluster_157_shoulder	shoulder
4.302	collarbone	157	cluster_157_shoulder	shoulder
4.16	bone	157	cluster_157_shoulder	shoulder
4.3	shoulder	157	cluster_157_shoulder	shoulder
4.301	shoulderblade	157	cluster_157_shoulder	shoulder
9.79	fan (noun)	158	cluster_158_fan (noun)	fan (noun)
18.17	whistle	158	cluster_158_fan (noun)	fan (noun)
9.791	fan (vb)	158	cluster_158_fan (noun)	fan (noun)
10.38	blow	158	cluster_158_fan (noun)	fan (noun)
3.92	butterfly	158	cluster_158_fan (noun)	fan (noun)
20.222	battle-ax	159	cluster_159_battle-ax	battle-ax
9.251	adze	159	cluster_159_battle-ax	battle-ax
9.25	ax	159	cluster_159_battle-ax	battle-ax
16.67	lie, tell lies	160	cluster_160_lie, tell lies	lie, tell lies
16.68	deceit	160	cluster_160_lie, tell lies	lie, tell lies
21.47	perjury	160	cluster_160_lie, tell lies	lie, tell lies
10.55	reach, arrive	161	cluster_161_reach, arrive	reach, arrive
10.56	approach	161	cluster_161_reach, arrive	reach, arrive
10.48	come	161	cluster_161_reach, arrive	reach, arrive
1.22	mountain, hill	162	cluster_162_stone, rock	stone, rock
1.342	reef	162	cluster_162_stone, rock	stone, rock
1.44	stone, rock	162	cluster_162_stone, rock	stone, rock
1.222	cliff, precipice	162	cluster_162_stone, rock	stone, rock
4.46	stomach	163	cluster_163_intestines, guts	intestines, guts
4.47	womb	163	cluster_163_intestines, guts	intestines, guts
5.63	sausage	163	cluster_163_intestines, guts	intestines, guts
4.461	intestines, guts	163	cluster_163_intestines, guts	intestines, guts
18.35	ask, request	164	cluster_164_ask, request	ask, request
18.31	ask (question, inquire)	164	cluster_164_ask, request	ask, request
6.13	tailor	165	cluster_165_mason	mason
9.82	sculptor	165	cluster_165_mason	mason
9.71	potter	165	cluster_165_mason	mason
7.61	mason	165	cluster_165_mason	mason
6.54	shoemaker, cobbler	165	cluster_165_mason	mason
9.43	carpenter	165	cluster_165_mason	mason
4.87	physician	165	cluster_165_mason	mason
11.89	cheap	166	cluster_166_cheap	cheap
17.46	easy	166	cluster_166_cheap	cheap
15.82	light (in weight)	166	cluster_166_cheap	cheap
4.441	lung	166	cluster_166_cheap	cheap
10.52	follow	167	cluster_167_follow	follow
10.53	pursue	167	cluster_167_follow	follow
16.251	smile	168	cluster_168_smile	smile
16.25	laugh	168	cluster_168_smile	smile
4.214	eyelash	169	cluster_169_eyelash	eyelash
4.212	eyebrow	169	cluster_169_eyelash	eyelash
4.213	eyelid	169	cluster_169_eyelash	eyelash
1.53	moon	170	cluster_170_moon	moon
14.71	month	170	cluster_170_moon	moon
12.65	thin (in dimension)	171	cluster_171_thin (in dimension)	thin (in dimension)
12.62	narrow	171	cluster_171_thin (in dimension)	thin (in dimension)
6.51	shoe	172	cluster_172_shoe	shoe
6.52	boot	172	cluster_172_shoe	shoe
6.49	stocking, sock	172	cluster_172_shoe	shoe
5.14	hunger	173	cluster_173_hunger	hunger
5.141	famine	173	cluster_173_hunger	hunger
5.15	thirst	173	cluster_173_hunger	hunger
7.44	table	174	cluster_174_shelf	shelf
7.57	board	174	cluster_174_shelf	shelf
7.47	shelf	174	cluster_174_shelf	shelf
7.43	chair	174	cluster_174_shelf	shelf
9.62	anvil	174	cluster_174_shelf	shelf
3.81	insect	175	cluster_175_insect	insect
3.84	worm	175	cluster_175_insect	insect
3.85	snake	175	cluster_175_insect	insect
3.816	cockroach	175	cluster_175_insect	insect
3.93	grasshopper	175	cluster_175_insect	insect
19.63	conspiracy, plot	175	cluster_175_insect	insect
4.88	medicine, drug	176	cluster_176_medicine, drug	medicine, drug
4.89	poison	176	cluster_176_medicine, drug	medicine, drug
8.96	fish poison (root)	176	cluster_176_medicine, drug	medicine, drug
1.64	dew	177	cluster_177_dew	dew
1.76	snow (noun)	177	cluster_177_dew	dew
1.77	ice	177	cluster_177_dew	dew
11.33	lose	178	cluster_178_disappear	disappear
10.491	disappear	178	cluster_178_disappear	disappear
17.32	forget	178	cluster_178_disappear	disappear
9.31	rub, wipe	179	cluster_179_rub, wipe	rub, wipe
5.48	scrape	179	cluster_179_rub, wipe	rub, wipe
9.38	broom	179	cluster_179_rub, wipe	rub, wipe
15.89	wrinkled	179	cluster_179_rub, wipe	rub, wipe
9.37	sweep	179	cluster_179_rub, wipe	rub, wipe
1.841	embers	180	cluster_180_embers	embers
1.89	charcoal	180	cluster_180_embers	embers
17.51	and	181	cluster_181_and	and
14.35	again	181	cluster_181_and	and
17.54	or	181	cluster_181_and	and
17.55	yes, affirmative	181	cluster_181_and	and
19.61	custom	182	cluster_182_custom	custom
17.49	way, manner	182	cluster_182_custom	custom
21.11	law	182	cluster_182_custom	custom
9.74	glass	183	cluster_183_glass	glass
6.96	mirror	183	cluster_183_glass	glass
5.97	egg	184	cluster_184_egg	egg
4.49	testicle	184	cluster_184_egg	egg
8.43	wheat	185	cluster_185_wheat	wheat
8.46	oats	185	cluster_185_wheat	wheat
8.45	rye	185	cluster_185_wheat	wheat
8.44	barley	185	cluster_185_wheat	wheat
4.221	earlobe	186	cluster_186_ear	ear
6.77	earring	186	cluster_186_ear	ear
3.654	gill	186	cluster_186_ear	ear
4.22	ear	186	cluster_186_ear	ear
4.61	sleep	187	cluster_187_sleep	sleep
12.14	lie down	187	cluster_187_sleep	sleep
4.62	dream	187	cluster_187_sleep	sleep
12.61	wide, broad	188	cluster_188_wide, broad	wide, broad
12.55	large, big	188	cluster_188_wide, broad	wide, broad
12.63	thick (in dimension)	188	cluster_188_wide, broad	wide, broad
9.32	stretch	189	cluster_189_stretch	stretch
9.34	spread out	189	cluster_189_stretch	stretch
9.33	pull	189	cluster_189_stretch	stretch
4.591	dribble	190	cluster_190_dribble	dribble
10.24	drip	190	cluster_190_dribble	dribble
16.29	kiss	191	cluster_191_kiss	kiss
16.3	embrace	191	cluster_191_kiss	kiss
5.16	suck	191	cluster_191_kiss	kiss
4.59	lick	191	cluster_191_kiss	kiss
8.92	tapioca, manioc, cassava	191	cluster_191_kiss	kiss
8.98	mushroom	192	cluster_192_mosquito	mosquito
3.832	mosquito	192	cluster_192_mosquito	mosquito
3.831	sandfly (midge), gnat	192	cluster_192_mosquito	mosquito
3.83	fly	192	cluster_192_mosquito	mosquito
20.33	helmet	193	cluster_193_helmet	helmet
6.78	headband, headdress	193	cluster_193_helmet	helmet
6.55	hat, cap	193	cluster_193_helmet	helmet
9.35	pour	194	cluster_194_pour	pour
9.61	forge	194	cluster_194_pour	pour
9.6	smith, blacksmith	194	cluster_194_pour	pour
9.63	cast (metals)	194	cluster_194_pour	pour
8.931	pumpkin, squash	195	cluster_195_pumpkin, squash	pumpkin, squash
8.93	gourd	195	cluster_195_pumpkin, squash	pumpkin, squash
11.78	wages	196	cluster_196_wages	wages
11.69	tax, tribute	196	cluster_196_wages	wages
11.87	price	196	cluster_196_wages	wages
2.77	widower	197	cluster_197_widower	widower
2.76	widow	197	cluster_197_widower	widower
13.106	thousand	198	cluster_198_thousand	thousand
13.105	hundred	198	cluster_198_thousand	thousand
13.104	twenty	198	cluster_198_thousand	thousand
13.103	fifteen	198	cluster_198_thousand	thousand
13.101	eleven	198	cluster_198_thousand	thousand
13.102	twelve	198	cluster_198_thousand	thousand
17.21	wise	199	cluster_199_wise	wise
16.84	clever	199	cluster_199_wise	wise
10.451	limp	200	cluster_200_lame	lame
4.94	lame	200	cluster_200_lame	lame
4.77	corpse	201	cluster_201_die, dead	die, dead
4.75	die, dead	201	cluster_201_die, dead	die, dead
3.661	shark	202	cluster_202_whale	whale
3.663	whale	202	cluster_202_whale	whale
5.51	bread	202	cluster_202_whale	whale
5.53	dough	202	cluster_202_whale	whale
1.25	island	202	cluster_202_whale	whale
5.55	meal, flour	202	cluster_202_whale	whale
4.342	thumb	203	cluster_203_toe	toe
4.34	finger	203	cluster_203_toe	toe
4.38	toe	203	cluster_203_toe	toe
3.63	mouse, rat	204	cluster_204_liver	liver
5.66	bean	204	cluster_204_liver	liver
4.45	liver	204	cluster_204_liver	liver
16.23	joyful, glad, happy	204	cluster_204_liver	liver
15.83	wet, damp	204	cluster_204_liver	liver
4.451	kidney	204	cluster_204_liver	liver
4.452	spleen	204	cluster_204_liver	liver
3.811	louse	205	cluster_205_louse	louse
3.812	nit (louse egg)	205	cluster_205_louse	louse
3.813	flea	205	cluster_205_louse	louse
7.37	ladder	206	cluster_206_ladder	ladder
10.91	harbor, port	206	cluster_206_ladder	ladder
10.74	bridge	206	cluster_206_ladder	ladder
6.92	brush	207	cluster_207_brush	brush
6.91	comb	207	cluster_207_brush	brush
5.82	pepper	208	cluster_208_pepper	pepper
5.821	chili pepper	208	cluster_208_pepper	pepper
11.53	beggar	209	cluster_209_beggar	beggar
2.75	orphan	209	cluster_209_beggar	beggar
11.52	poor	209	cluster_209_beggar	beggar
2.33	marry	210	cluster_210_marry	marry
4.67	have sexual intercourse	210	cluster_210_marry	marry
2.34	marriage, wedding	210	cluster_210_marry	marry
6.72	jewel	211	cluster_211_jewel	jewel
6.71	ornament, adornment	211	cluster_211_jewel	jewel
18.74	rattle	211	cluster_211_jewel	jewel
8.57	flower	211	cluster_211_jewel	jewel
5.712	bunch	211	cluster_211_jewel	jewel
4.32	elbow	212	cluster_212_elbow	elbow
4.36	knee	212	cluster_212_elbow	elbow
4.312	armpit	212	cluster_212_elbow	elbow
10.412	kneel	212	cluster_212_elbow	elbow
12.76	corner	212	cluster_212_elbow	elbow
12.47	north	213	cluster_213_south	south
12.45	east	213	cluster_213_south	south
12.42	left (side)	213	cluster_213_south	south
12.48	south	213	cluster_213_south	south
12.46	west	213	cluster_213_south	south
20.28	gun, cannon	214	cluster_214_gun, cannon	gun, cannon
20.21	weapons, arms	214	cluster_214_gun, cannon	gun, cannon
11.54	avaricious, stingy	215	cluster_215_avaricious, stingy	avaricious, stingy
16.83	greedy	215	cluster_215_avaricious, stingy	avaricious, stingy
5.57	mill	216	cluster_216_mortar	mortar
5.59	pestle	216	cluster_216_mortar	mortar
5.58	mortar	216	cluster_216_mortar	mortar
8.35	threshing-floor	216	cluster_216_mortar	mortar
2.96	they	217	cluster_217_they	they
2.93	he/she/it	217	cluster_217_they	they
18.45	boast	218	cluster_218_boast	boast
16.48	proud	218	cluster_218_boast	boast
16.79	praise	218	cluster_218_boast	boast
11.63	owe	219	cluster_219_owe	owe
11.64	debt	219	cluster_219_owe	owe
11.66	account, reckoning	219	cluster_219_owe	owe
10.44	dance	220	cluster_220_dance	dance
16.26	play	220	cluster_220_dance	dance
14.252	last, endure	220	cluster_220_dance	dance
4.93	bald	221	cluster_221_spit	spit
4.56	spit	221	cluster_221_spit	spit
18.72	drum	221	cluster_221_spit	spit
15.84	dry	221	cluster_221_spit	spit
13.22	empty	221	cluster_221_spit	spit
4.99	naked, bare	221	cluster_221_spit	spit
17.36	secret	222	cluster_222_hide, conceal	hide, conceal
4.78	bury (the dead)	222	cluster_222_hide, conceal	hide, conceal
12.27	hide, conceal	222	cluster_222_hide, conceal	hide, conceal
10.86	rudder	222	cluster_222_hide, conceal	hide, conceal
4.58	bite	223	cluster_223_bite	bite
5.18	chew	223	cluster_223_bite	bite
7.421	pillow	223	cluster_223_bite	bite
4.856	boil (noun)	224	cluster_224_full	full
13.21	full	224	cluster_224_full	full
4.853	swelling	224	cluster_224_full	full
20.17	soldier	225	cluster_225_soldier	soldier
20.15	army	225	cluster_225_soldier	soldier
18.36	promise	226	cluster_226_promise	promise
21.25	oath	226	cluster_226_promise	promise
21.24	swear	226	cluster_226_promise	promise
17.18	seem	227	cluster_227_seem	seem
12.92	like, similar	227	cluster_227_seem	seem
5.971	egg yolk	228	cluster_228_red	red
15.66	red	228	cluster_228_red	red
15.69	yellow	228	cluster_228_red	red
4.15	blood	228	cluster_228_red	red
6.62	button	229	cluster_229_button	button
9.192	knot (noun)	229	cluster_229_button	button
9.16	tie, bind	229	cluster_229_button	button
3.62	cat	230	cluster_230_defecate	defecate
3.614	rabbit	230	cluster_230_defecate	defecate
3.61	dog	230	cluster_230_defecate	defecate
4.65	urinate	230	cluster_230_defecate	defecate
3.622	opossum	230	cluster_230_defecate	defecate
4.66	defecate	230	cluster_230_defecate	defecate
11.86	store, shop	231	cluster_231_market (place)	market (place)
11.85	market (place)	231	cluster_231_market (place)	market (place)
10.37	fly (vb)	232	cluster_232_jump, leap	jump, leap
10.43	jump, leap	232	cluster_232_jump, leap	jump, leap
10.352	splash	232	cluster_232_jump, leap	jump, leap
4.52	yawn, gape	233	cluster_233_breathe, breath	breathe, breath
8.97	nettle	233	cluster_233_breathe, breath	breathe, breath
4.912	rest	233	cluster_233_breathe, breath	breathe, breath
4.64	break wind	233	cluster_233_breathe, breath	breathe, breath
4.51	breathe, breath	233	cluster_233_breathe, breath	breathe, breath
21.51	steal	234	cluster_234_thief	thief
21.52	thief	234	cluster_234_thief	thief
13.33	alone, only	235	cluster_235_one	one
13.1	one	235	cluster_235_one	one
3.72	lion	236	cluster_236_cross	cross
12.77	cross	236	cluster_236_cross	cross
3.71	wolf	236	cluster_236_cross	cross
3.74	fox	236	cluster_236_cross	cross
3.662	porpoise, dolphin	236	cluster_236_cross	cross
14.481	day-after-tomorrow	237	cluster_237_day-after-tomorrow	day-after-tomorrow
14.491	day-before-yesterday	237	cluster_237_day-after-tomorrow	day-after-tomorrow
18.15	whisper	238	cluster_238_stutter, stammer	stutter, stammer
18.16	mumble	238	cluster_238_stutter, stammer	stutter, stammer
18.211	stutter, stammer	238	cluster_238_stutter, stammer	stutter, stammer
5.78	olive	239	cluster_239_banyan	banyan
8.85	banyan	239	cluster_239_banyan	banyan
5.75	fig	239	cluster_239_banyan	banyan
19.52	enemy	240	cluster_240_enemy	enemy
19.55	stranger	240	cluster_240_enemy	enemy
19.56	guest	240	cluster_240_enemy	enemy
4.18	tail	241	cluster_241_penis	penis
4.271	gums	241	cluster_241_penis	penis
4.492	penis	241	cluster_241_penis	penis
3.75	deer	241	cluster_241_penis	penis
3.594	dove	241	cluster_241_penis	penis
14.31	always	242	cluster_242_always	always
13.14	every, all	242	cluster_242_always	always
14.34	never	242	cluster_242_always	always
2.74	stepdaughter	243	cluster_243_stepdaughter	stepdaughter
2.73	stepson	243	cluster_243_stepdaughter	stepdaughter
3.57	duck	244	cluster_244_duck	duck
3.582	seagull	244	cluster_244_duck	duck
3.56	goose	244	cluster_244_duck	duck
10.78	yoke	244	cluster_244_duck	duck
3.591	bat	244	cluster_244_duck	duck
16.51	dare	245	cluster_245_brave	brave
16.52	brave	245	cluster_245_brave	brave
3.819	spider web	246	cluster_246_spider	spider
3.98	turtle	246	cluster_246_spider	spider
3.818	spider	246	cluster_246_spider	spider
20.51	fisherman	246	cluster_246_spider	spider
21.38	fine	247	cluster_247_penalty, punishment	penalty, punishment
21.37	penalty, punishment	247	cluster_247_penalty, punishment	penalty, punishment
3.665	freshwater eel	248	cluster_248_silk	silk
6.48	trousers	248	cluster_248_silk	silk
6.25	silk	248	cluster_248_silk	silk
10.57	enter	248	cluster_248_silk	silk
7.64	adobe	249	cluster_249_adobe	adobe
7.62	brick	249	cluster_249_adobe	adobe
2.95	you (plural)	250	cluster_250_you (plural)	you (plural)
2.92	you (singular)	250	cluster_250_you (plural)	you (plural)
4.97	blind	251	cluster_251_blind	blind
15.79	blunt, dull	251	cluster_251_blind	blind
4.215	blink	251	cluster_251_blind	blind
3.46	ass, donkey	252	cluster_252_mule	mule
3.78	camel	252	cluster_252_mule	mule
3.47	mule	252	cluster_252_mule	mule
13.0	zero, nothing	253	cluster_253_no, negative	no, negative
17.56	no, negative	253	cluster_253_no, negative	no, negative
7.25	window	254	cluster_254_window	window
7.22	door, gate	254	cluster_254_window	window
4.855	blister	255	cluster_255_statue	statue
9.83	statue	255	cluster_255_statue	statue
3.77	elephant	255	cluster_255_statue	statue
6.79	tattoo	255	cluster_255_statue	statue
20.42	defeat	256	cluster_256_defeat	defeat
20.41	victory	256	cluster_256_defeat	defeat
8.941	sugar cane	257	cluster_257_sugar cane	sugar cane
5.85	sugar	257	cluster_257_sugar cane	sugar cane
4.57	vomit	258	cluster_258_soap	soap
1.324	foam	258	cluster_258_soap	soap
6.95	soap	258	cluster_258_soap	soap
7.16	men's house	259	cluster_259_men's house	men's house
7.18	meeting house	259	cluster_259_men's house	men's house
17.26	pupil	260	cluster_260_pupil	pupil
17.27	teacher	260	cluster_260_pupil	pupil
20.31	armor (defensive)	261	cluster_261_armor (defensive)	armor (defensive)
20.34	shield	261	cluster_261_armor (defensive)	armor (defensive)
3.96	lizard	262	cluster_262_crocodile, alligator	crocodile, alligator
3.95	frog	262	cluster_262_crocodile, alligator	crocodile, alligator
3.97	crocodile, alligator	262	cluster_262_crocodile, alligator	crocodile, alligator
3.815	scorpion	263	cluster_263_scorpion	scorpion
3.814	centipede	263	cluster_263_scorpion	scorpion
3.664	stingray	263	cluster_263_scorpion	scorpion
6.34	loom	264	cluster_264_loom	loom
16.38	tear (noun)	264	cluster_264_loom	loom
10.88	sail (noun)	264	cluster_264_loom	loom
16.18	good fortune, luck	265	cluster_265_good fortune, luck	good fortune, luck
16.19	misfortune, bad luck	265	cluster_265_good fortune, luck	good fortune, luck
4.842	goiter	266	cluster_266_itch	itch
10.41	creep, crawl	266	cluster_266_itch	itch
4.854	itch	266	cluster_266_itch	itch
3.91	firefly	267	cluster_267_firefly	firefly
1.54	star	267	cluster_267_firefly	firefly
19.72	prostitute	268	cluster_268_prostitute	prostitute
21.43	adultery	268	cluster_268_prostitute	prostitute
4.521	hiccough	269	cluster_269_hiccough	hiccough
5.181	swallow	269	cluster_269_hiccough	hiccough
3.18	herdsman	270	cluster_270_herdsman	herdsman
4.98	intoxicated	270	cluster_270_herdsman	herdsman
12.17	remains, left overs	271	cluster_271_remains, left overs	remains, left overs
